Fund Name,P1,P2,P3,P4,P5,Topsis Score,Rank
M1,0.71,0.5,5.8,46.3,13.33,0.31030775697303664,7
M2,0.78,0.61,3.6,37.1,10.52,0.31211050351848246,6
M3,0.77,0.59,5.6,34.5,10.37,0.16442665511526308,8
M4,0.68,0.46,4.4,68.9,18.61,0.7247583620203694,2
M5,0.85,0.72,6.0,60.4,16.99,0.6728255119511618,3
M6,0.68,0.46,4.6,57.8,15.89,0.5803413269963456,4
M7,0.76,0.58,4.6,67.1,18.26,0.7981628250781333,1
M8,0.71,0.5,6.2,50.7,14.53,0.40276492312625406,5
